product,file,checks,pass_fail,overall,path,format,file_size_bytes,pages,page_size,min_margin_mm,min_row_gap_mm,title,author,fail_reasons,warn_reasons,checks_pass
feedback-conversation-log,feedback-conversation-log-A4.pdf,pages=2 | size=595.28x841.89 | margin_mm=11.78 | row_gap_mm=9.20 | WARN:W01 confirm AI disclosure on Etsy listing copy | all Critical PASS,PASS,APPROVED_FOR_PUBLISH,products/feedback-conversation-log/feedback-conversation-log-A4.pdf,A4,72588,2,595.28x841.89,11.78,9.20,Feedback Conversation Log,Kevin Britz / Leadership by Design,,W01 confirm AI disclosure on Etsy listing copy,CRITICAL_PASS
feedback-conversation-log,feedback-conversation-log-Letter.pdf,pages=2 | size=612.00x792.00 | margin_mm=11.78 | row_gap_mm=9.50 | WARN:W01 confirm AI disclosure on Etsy listing copy | all Critical PASS,PASS,APPROVED_FOR_PUBLISH,products/feedback-conversation-log/feedback-conversation-log-Letter.pdf,Letter,72527,2,612.00x792.00,11.78,9.50,Feedback Conversation Log,Kevin Britz / Leadership by Design,,W01 confirm AI disclosure on Etsy listing copy,CRITICAL_PASS
new-manager-30-60-90-day-plan,new-manager-30-60-90-day-plan-A4.pdf,pages=3 | size=595.28x841.89 | margin_mm=11.78 | row_gap_mm=10.00 | WARN:W01 confirm AI disclosure on Etsy listing copy | all Critical PASS,PASS,APPROVED_FOR_PUBLISH,products/new-manager-30-60-90-day-plan/new-manager-30-60-90-day-plan-A4.pdf,A4,74688,3,595.28x841.89,11.78,10.00,New Manager 30-60-90 Day Plan,Kevin Britz / Leadership by Design,,W01 confirm AI disclosure on Etsy listing copy,CRITICAL_PASS
new-manager-30-60-90-day-plan,new-manager-30-60-90-day-plan-Letter.pdf,pages=3 | size=612.00x792.00 | margin_mm=11.78 | row_gap_mm=10.00 | WARN:W01 confirm AI disclosure on Etsy listing copy | all Critical PASS,PASS,APPROVED_FOR_PUBLISH,products/new-manager-30-60-90-day-plan/new-manager-30-60-90-day-plan-Letter.pdf,Letter,74537,3,612.00x792.00,11.78,10.00,New Manager 30-60-90 Day Plan,Kevin Britz / Leadership by Design,,W01 confirm AI disclosure on Etsy listing copy,CRITICAL_PASS
one-on-one-meeting-template,one-on-one-meeting-template-A4.pdf,pages=2 | size=595.28x841.89 | margin_mm=11.78 | row_gap_mm=9.13 | WARN:W01 confirm AI disclosure on Etsy listing copy | all Critical PASS,PASS,APPROVED_FOR_PUBLISH,products/one-on-one-meeting-template/one-on-one-meeting-template-A4.pdf,A4,73254,2,595.28x841.89,11.78,9.13,One-on-One Meeting Template,Kevin Britz / Leadership by Design,,W01 confirm AI disclosure on Etsy listing copy,CRITICAL_PASS
one-on-one-meeting-template,one-on-one-meeting-template-Letter.pdf,pages=2 | size=612.00x792.00 | margin_mm=11.78 | row_gap_mm=8.16 | WARN:W01 confirm AI disclosure on Etsy listing copy | all Critical PASS,PASS,APPROVED_FOR_PUBLISH,products/one-on-one-meeting-template/one-on-one-meeting-template-Letter.pdf,Letter,73192,2,612.00x792.00,11.78,8.16,One-on-One Meeting Template,Kevin Britz / Leadership by Design,,W01 confirm AI disclosure on Etsy listing copy,CRITICAL_PASS
shift-handover-sheet,shift-handover-sheet-A4.pdf,pages=1 | size=595.28x841.89 | margin_mm=11.94 | row_gap_mm=5.80 | FAIL:C09 page 1 min write-row gap 5.80mm < 8.0mm | WARN:W01 confirm AI disclosure on Etsy listing copy,FAIL,BLOCKED,products/shift-handover-sheet/shift-handover-sheet-A4.pdf,A4,65745,1,595.28x841.89,11.94,5.80,Shift Handover Sheet,Leadership by Design,C09 page 1 min write-row gap 5.80mm < 8.0mm,W01 confirm AI disclosure on Etsy listing copy,CRITICAL_FAIL
shift-handover-sheet,shift-handover-sheet-Letter.pdf,pages=1 | size=612.00x792.00 | margin_mm=11.94 | row_gap_mm=5.49 | FAIL:C09 page 1 min write-row gap 5.49mm < 8.0mm | WARN:W01 confirm AI disclosure on Etsy listing copy,FAIL,BLOCKED,products/shift-handover-sheet/shift-handover-sheet-Letter.pdf,Letter,65682,1,612.00x792.00,11.94,5.49,Shift Handover Sheet,Leadership by Design,C09 page 1 min write-row gap 5.49mm < 8.0mm,W01 confirm AI disclosure on Etsy listing copy,CRITICAL_FAIL
shift-incident-log,shift-incident-log-A4.pdf,pages=2 | size=595.28x841.89 | margin_mm=11.78 | row_gap_mm=8.75 | WARN:W01 confirm AI disclosure on Etsy listing copy | all Critical PASS,PASS,APPROVED_FOR_PUBLISH,products/shift-incident-log/shift-incident-log-A4.pdf,A4,74078,2,595.28x841.89,11.78,8.75,Shift Incident / Issue Log,Kevin Britz / Leadership by Design,,W01 confirm AI disclosure on Etsy listing copy,CRITICAL_PASS
shift-incident-log,shift-incident-log-Letter.pdf,pages=2 | size=612.00x792.00 | margin_mm=11.78 | row_gap_mm=8.02 | WARN:W01 confirm AI disclosure on Etsy listing copy | all Critical PASS,PASS,APPROVED_FOR_PUBLISH,products/shift-incident-log/shift-incident-log-Letter.pdf,Letter,74071,2,612.00x792.00,11.78,8.02,Shift Incident / Issue Log,Kevin Britz / Leadership by Design,,W01 confirm AI disclosure on Etsy listing copy,CRITICAL_PASS
weekly-team-check-in,weekly-team-check-in-A4.pdf,pages=2 | size=595.28x841.89 | margin_mm=11.78 | row_gap_mm=9.00 | WARN:W01 confirm AI disclosure on Etsy listing copy | all Critical PASS,PASS,APPROVED_FOR_PUBLISH,products/weekly-team-check-in/weekly-team-check-in-A4.pdf,A4,73313,2,595.28x841.89,11.78,9.00,Weekly Team Check-in,Kevin Britz / Leadership by Design,,W01 confirm AI disclosure on Etsy listing copy,CRITICAL_PASS
weekly-team-check-in,weekly-team-check-in-Letter.pdf,pages=2 | size=612.00x792.00 | margin_mm=11.78 | row_gap_mm=8.58 | WARN:W01 confirm AI disclosure on Etsy listing copy | all Critical PASS,PASS,APPROVED_FOR_PUBLISH,products/weekly-team-check-in/weekly-team-check-in-Letter.pdf,Letter,73276,2,612.00x792.00,11.78,8.58,Weekly Team Check-in,Kevin Britz / Leadership by Design,,W01 confirm AI disclosure on Etsy listing copy,CRITICAL_PASS
feedback-conversation-log,[PRODUCT] feedback-conversation-log,all Critical PASS,PASS,APPROVED_FOR_PUBLISH,[PRODUCT] feedback-conversation-log,PAIR,,,,,,,,,,CRITICAL_PASS
new-manager-30-60-90-day-plan,[PRODUCT] new-manager-30-60-90-day-plan,all Critical PASS,PASS,APPROVED_FOR_PUBLISH,[PRODUCT] new-manager-30-60-90-day-plan,PAIR,,,,,,,,,,CRITICAL_PASS
one-on-one-meeting-template,[PRODUCT] one-on-one-meeting-template,all Critical PASS,PASS,APPROVED_FOR_PUBLISH,[PRODUCT] one-on-one-meeting-template,PAIR,,,,,,,,,,CRITICAL_PASS
shift-handover-sheet,[PRODUCT] shift-handover-sheet,FAIL:file-level Critical failure (see per-file rows),FAIL,BLOCKED,[PRODUCT] shift-handover-sheet,PAIR,,,,,,,,file-level Critical failure (see per-file rows),,CRITICAL_FAIL
shift-incident-log,[PRODUCT] shift-incident-log,all Critical PASS,PASS,APPROVED_FOR_PUBLISH,[PRODUCT] shift-incident-log,PAIR,,,,,,,,,,CRITICAL_PASS
weekly-team-check-in,[PRODUCT] weekly-team-check-in,all Critical PASS,PASS,APPROVED_FOR_PUBLISH,[PRODUCT] weekly-team-check-in,PAIR,,,,,,,,,,CRITICAL_PASS
